Voltage (V),Current (A)
-3.08269506e-07,0.0
0.00107108057,0.001
0.00214277417,0.002
0.00320922351,0.003
0.00429354887,0.004
0.00536122406,0.005
0.00643089972,0.006
0.0074920943,0.007
0.00850427151,0.008
0.00946203806,0.009
0.0103251664,0.01
